,Origin_ratio_diff,Origin_ratio_diff,Origin_ratio_diff,Origin_ratio_diff,Origin_ratio_diff,Origin_ratio_diff,Destination_ratio_diff,Destination_ratio_diff,Destination_ratio_diff,Destination_ratio_diff,Destination_ratio_diff,Destination_ratio_diff,clusters
time_interval,Evening,Late Night,Midday,Rush Hour AM,Rush Hour PM,Weekend,Evening,Late Night,Midday,Rush Hour AM,Rush Hour PM,Weekend,
Station Complex Name,,,,,,,,,,,,,
1 Av (L),0.08,-0.06,-0.03,-0.07,0.08,0.03,0.0,-0.01,0.0,0.02,-0.03,0.04,destination
103 St (1),0.02,-0.06,0.04,-0.04,0.04,0.02,0.03,-0.01,0.01,0.0,-0.03,0.03,residential
103 St (6),0.01,-0.04,0.01,-0.04,0.1,-0.01,-0.02,0.03,0.02,0.09,-0.09,-0.02,destination
"103 St (C,B)",0.0,-0.06,0.02,-0.01,0.03,0.04,0.03,-0.01,-0.01,0.0,-0.03,0.03,residential
103 St-Corona Plaza (7),-0.01,0.1,-0.02,0.02,-0.08,0.0,0.04,0.0,-0.03,-0.05,0.05,0.01,residential
104 St (A),-0.02,0.13,-0.02,0.09,-0.12,-0.04,0.0,-0.02,-0.04,-0.04,0.15,-0.03,residential
"104 St (J,Z)",-0.01,0.11,0.0,0.07,-0.08,-0.07,0.01,-0.02,-0.01,-0.03,0.1,-0.03,residential
110 St (6),0.0,-0.03,0.03,0.0,0.03,0.0,0.0,0.02,0.0,0.03,-0.03,0.0,residential
111 St (7),-0.02,0.1,-0.03,0.05,-0.1,0.03,0.04,0.0,-0.04,-0.06,0.04,0.03,residential
111 St (A),-0.03,0.15,-0.04,0.11,-0.13,-0.05,0.0,-0.03,-0.04,-0.05,0.18,-0.03,residential
111 St (J),-0.01,0.08,0.02,0.05,-0.05,-0.07,-0.01,-0.01,0.01,0.01,0.07,-0.04,residential
"116 St (2,3)",0.01,-0.04,0.01,0.0,0.01,0.04,0.01,-0.01,0.01,0.0,-0.02,0.03,residential
116 St (6),0.0,-0.03,0.04,-0.04,0.06,0.0,0.0,0.0,0.02,0.05,-0.05,0.0,residential
"116 St (C,B)",0.01,-0.05,0.02,-0.01,0.02,0.03,0.02,-0.02,0.0,0.0,-0.01,0.03,residential
116 St-Columbia University (1),0.05,-0.08,-0.02,-0.14,0.2,0.0,-0.02,0.0,0.1,0.07,-0.14,0.01,destination
"121 St (J,Z)",0.01,0.05,-0.01,0.02,0.01,-0.06,-0.01,0.02,0.01,0.0,0.02,-0.03,residential
125 St (1),0.04,-0.05,0.0,-0.08,0.11,0.01,0.01,0.0,0.04,0.04,-0.08,0.01,destination
"125 St (2,3)",0.02,-0.05,0.01,-0.07,0.09,0.03,-0.01,0.01,0.04,0.04,-0.08,0.02,destination
"125 St (4,5,6)",0.02,-0.02,-0.01,-0.04,0.07,0.01,-0.02,0.04,0.02,0.05,-0.08,0.0,destination
"125 St (A,C,B,D)",0.03,-0.04,0.0,-0.06,0.07,0.03,0.0,0.01,0.02,0.03,-0.06,0.02,destination
"135 St (2,3)",0.0,-0.03,0.02,-0.03,0.03,0.01,0.01,0.02,0.0,0.03,-0.04,0.01,residential
"135 St (C,B)",0.0,-0.05,0.04,-0.02,0.06,0.0,0.02,0.0,0.01,0.04,-0.04,0.0,residential
137 St-City College (1),0.0,-0.01,0.03,-0.02,0.01,0.01,0.04,0.0,0.0,0.0,-0.03,0.01,residential
"138 St-Grand Concourse (4,5)",0.01,0.04,0.0,-0.05,0.04,-0.01,-0.01,0.06,0.01,0.03,-0.05,-0.01,residential
"14 St (A,C,E)/8 Av (L)",0.09,-0.06,-0.07,-0.15,0.15,0.05,-0.04,0.0,0.09,0.05,-0.13,0.05,destination
"14 St (F,M,1,2,3)/6 Av (L)",0.08,-0.06,-0.05,-0.12,0.12,0.04,-0.04,-0.01,0.06,0.04,-0.08,0.05,destination
"14 St-Union Sq (L,N,Q,R,W,4,5,6)",0.09,-0.06,-0.06,-0.13,0.15,0.04,-0.05,-0.01,0.08,0.07,-0.11,0.04,destination
145 St (1),0.01,0.0,0.02,-0.02,-0.02,0.03,0.05,-0.01,-0.02,-0.04,-0.01,0.04,residential
145 St (3),-0.01,0.0,0.03,0.04,-0.02,-0.02,0.02,0.01,0.0,-0.02,0.02,-0.01,residential
"145 St (A,C,B,D)",0.0,-0.01,0.01,-0.02,0.01,0.03,0.04,0.0,-0.01,0.0,-0.03,0.02,residential
"149 St-Grand Concourse (2,4,5)",0.02,0.0,-0.01,-0.06,0.07,-0.01,-0.02,0.04,0.02,0.08,-0.09,-0.01,destination
"15 St-Prospect Park (F,G)",0.0,-0.06,-0.01,0.03,0.01,0.03,0.0,-0.02,-0.02,-0.01,0.04,0.03,residential
"155 St (B,D)",0.01,0.03,0.01,0.02,-0.02,-0.02,0.0,0.01,0.02,0.0,0.0,-0.01,residential
155 St (C),-0.01,0.0,0.02,0.0,-0.04,0.05,0.05,0.0,-0.03,-0.03,-0.01,0.04,residential
157 St (1),0.0,0.0,0.03,-0.01,-0.01,0.01,0.04,-0.01,-0.02,-0.02,0.0,0.02,residential
"161 St-Yankee Stadium (B,D,4)",0.11,0.0,-0.05,-0.06,-0.01,0.04,-0.02,0.0,0.0,0.01,0.01,0.04,destination
163 St-Amsterdam Av (C),-0.01,0.02,0.01,0.0,-0.04,0.03,0.05,0.0,-0.03,-0.03,0.0,0.03,residential
167 St (4),-0.01,0.07,0.0,0.01,-0.06,0.01,0.02,0.0,-0.01,-0.01,0.02,0.01,residential
"167 St (B,D)",-0.01,0.05,0.03,0.02,-0.04,-0.04,0.02,0.01,-0.01,-0.01,0.02,-0.01,residential
"168 St (A,C,1)",0.01,-0.04,-0.02,-0.07,0.16,-0.01,-0.01,0.04,0.04,0.1,-0.13,-0.02,destination
169 St (F),-0.01,0.03,0.03,0.0,-0.03,-0.01,0.02,0.01,-0.01,-0.01,0.02,-0.01,residential
170 St (4),0.0,0.05,-0.02,0.01,-0.03,0.0,0.01,0.01,0.0,0.0,0.01,0.0,residential
"170 St (B,D)",-0.01,0.05,0.02,0.03,-0.03,-0.05,0.02,0.01,-0.02,0.0,0.03,-0.02,residential
"174 St (2,5)",-0.01,0.05,0.02,-0.01,-0.01,-0.03,-0.01,0.01,0.01,0.03,-0.01,-0.02,residential
"174-175 Sts (B,D)",-0.01,0.03,0.02,0.0,0.02,-0.05,0.02,0.03,0.0,0.03,-0.02,-0.03,residential
175 St (A),-0.01,0.0,0.02,0.01,-0.02,0.02,0.02,0.0,-0.02,-0.02,0.03,0.01,residential
176 St (4),-0.01,0.06,-0.01,0.01,-0.04,0.0,0.01,0.01,-0.02,0.0,0.01,0.0,residential
18 Av (D),-0.02,0.04,-0.01,0.07,-0.08,0.01,0.0,-0.02,-0.02,-0.03,0.09,0.01,residential
18 Av (F),-0.01,0.01,0.0,0.03,0.02,-0.03,-0.01,0.01,0.0,0.04,0.01,-0.02,residential
18 Av (N),-0.02,0.01,0.02,0.03,-0.04,0.01,0.0,-0.02,-0.01,-0.01,0.04,0.01,residential
18 St (1),0.06,-0.07,-0.03,-0.11,0.14,0.03,-0.05,-0.02,0.08,0.08,-0.1,0.03,destination
181 St (1),0.0,0.0,0.03,-0.01,0.0,-0.01,0.02,-0.01,0.03,0.0,-0.02,0.0,residential
181 St (A),-0.02,-0.03,0.04,0.04,-0.04,0.03,0.05,-0.02,-0.03,-0.04,0.05,0.02,residential
"182-183 Sts (B,D)",-0.01,0.06,0.02,0.03,-0.04,-0.05,0.03,0.02,-0.01,-0.02,0.02,-0.03,residential
183 St (4),0.0,0.09,-0.01,0.01,-0.07,0.01,0.03,0.01,-0.02,-0.03,0.02,0.01,residential
190 St (A),-0.02,-0.03,0.02,0.05,-0.03,0.03,0.04,-0.01,-0.03,-0.04,0.03,0.03,residential
191 St (1),0.0,0.02,0.02,0.01,-0.03,-0.01,0.03,-0.01,-0.01,-0.01,0.02,0.0,residential
2 Av (F),0.1,-0.04,-0.06,-0.09,0.04,0.07,-0.01,-0.01,0.01,0.0,-0.04,0.08,destination
20 Av (D),-0.01,0.04,0.0,0.06,-0.09,0.02,0.01,-0.03,-0.02,-0.04,0.09,0.01,residential
20 Av (N),-0.03,0.02,0.05,0.07,-0.09,-0.01,0.0,-0.02,-0.03,0.01,0.06,0.0,residential
207 St (1),0.01,0.01,0.0,-0.02,0.03,-0.01,0.0,0.04,0.02,0.0,-0.03,0.0,residential
21 St (G),0.04,-0.06,-0.09,-0.11,0.18,0.07,-0.03,0.05,0.0,0.08,-0.11,0.03,destination
21 St-Queensbridge (F),0.0,-0.02,0.02,-0.04,0.04,0.02,0.02,0.04,-0.01,0.02,-0.06,0.01,residential
215 St (1),0.01,-0.05,0.03,-0.01,0.06,-0.02,-0.02,0.02,0.05,0.04,-0.05,-0.01,residential
"219 St (2,5)",0.0,0.1,-0.05,0.06,-0.07,-0.03,0.01,-0.01,-0.01,-0.02,0.07,-0.02,residential
"225 St (2,5)",0.0,0.11,-0.05,0.05,-0.06,-0.03,0.0,0.0,0.0,-0.02,0.06,-0.02,residential
23 St (1),0.07,-0.07,-0.02,-0.12,0.11,0.05,-0.03,-0.02,0.07,0.05,-0.1,0.05,destination
23 St (6),0.05,-0.07,0.0,-0.1,0.16,-0.03,-0.05,0.01,0.1,0.09,-0.12,-0.02,destination
"23 St (C,E)",0.06,-0.07,-0.02,-0.1,0.15,0.0,-0.03,0.0,0.06,0.07,-0.09,0.01,destination
"23 St (F,M)",0.05,-0.07,-0.02,-0.1,0.17,-0.01,-0.05,-0.01,0.08,0.09,-0.09,0.0,destination
"23 St (R,W)",0.05,-0.08,-0.04,-0.14,0.17,0.05,-0.05,-0.02,0.1,0.07,-0.13,0.04,destination
231 St (1),-0.01,0.02,0.0,0.04,-0.02,-0.02,0.0,-0.01,0.0,-0.01,0.04,-0.01,residential
"233 St (2,5)",0.0,0.11,-0.04,0.02,-0.03,-0.04,-0.01,0.01,0.01,0.0,0.04,-0.03,residential
238 St (1),-0.01,0.03,-0.01,0.07,-0.06,0.0,0.01,-0.01,-0.02,-0.03,0.08,-0.01,residential
25 Av (D),-0.02,0.04,-0.01,0.09,-0.08,0.01,-0.01,-0.02,-0.03,-0.02,0.09,0.01,residential
25 St (R),0.0,-0.03,-0.01,-0.01,0.06,0.01,0.0,0.03,-0.01,0.02,-0.04,0.01,residential
28 St (1),0.06,-0.07,0.0,-0.13,0.13,0.01,-0.03,-0.01,0.08,0.07,-0.12,0.02,destination
28 St (6),0.06,-0.06,-0.03,-0.1,0.16,-0.01,-0.04,0.02,0.06,0.1,-0.12,0.0,destination
"28 St (R,W)",0.08,-0.06,-0.05,-0.14,0.13,0.05,-0.03,-0.01,0.07,0.06,-0.12,0.05,destination
3 Av (L),0.14,-0.04,-0.1,-0.15,0.11,0.06,-0.02,-0.01,0.04,0.03,-0.07,0.06,destination
3 Av-138 St (6),0.0,0.01,-0.01,0.01,0.01,0.0,0.0,0.03,-0.01,0.02,-0.02,-0.01,residential
"3 Av-149 St (2,5)",0.0,0.01,0.02,-0.03,0.03,-0.01,-0.01,0.01,0.03,0.04,-0.04,-0.01,residential
"30 Av (N,W)",-0.01,-0.03,0.03,0.06,-0.02,-0.01,0.04,-0.01,-0.04,-0.04,0.06,0.0,residential
33 St (6),0.05,-0.07,-0.01,-0.1,0.16,-0.01,-0.04,0.01,0.07,0.1,-0.12,-0.01,destination
33 St-Rawson St (7),0.04,-0.07,0.06,-0.15,0.23,-0.1,-0.07,0.06,0.08,0.24,-0.19,-0.1,destination
"34 St-Herald Sq (B,D,F,M,N,Q,R,W)",0.07,-0.05,-0.05,-0.12,0.14,0.03,-0.05,-0.01,0.07,0.07,-0.09,0.03,destination
34 St-Hudson Yards (7),0.07,-0.06,-0.07,-0.14,0.25,-0.01,-0.06,0.04,0.09,0.13,-0.17,-0.01,destination
"34 St-Penn Station (1,2,3)",0.05,-0.02,-0.02,-0.01,0.02,0.01,-0.04,-0.01,0.03,0.02,0.02,0.01,destination
"34 St-Penn Station (A,C,E)",0.05,-0.04,-0.02,-0.05,0.06,0.03,-0.03,0.0,0.03,0.04,-0.03,0.01,destination
"36 Av (N,W)",0.0,-0.03,0.02,0.01,0.03,-0.01,0.02,-0.01,-0.01,0.01,0.01,0.0,residential
"36 St (D,N,R)",0.01,-0.03,-0.03,-0.06,0.11,0.02,-0.02,0.02,0.01,0.08,-0.09,0.02,destination
"36 St (M,R)",0.01,-0.05,0.0,-0.09,0.15,0.0,-0.02,0.02,0.05,0.12,-0.13,-0.02,destination
"39 Av-Dutch Kills (N,W)",0.0,-0.05,0.02,-0.04,0.07,0.03,0.02,0.02,-0.03,0.03,-0.07,0.05,residential
"4 Av (F,G)/9 St (R)",0.03,-0.06,-0.02,-0.03,0.07,0.03,-0.01,0.0,0.0,0.03,-0.03,0.03,destination
40 St-Lowery St (7),0.0,-0.03,0.04,0.02,0.01,-0.02,0.02,-0.01,-0.02,0.01,0.02,-0.01,residential
45 St (R),-0.01,0.01,-0.01,0.03,-0.02,0.01,0.02,0.0,-0.01,-0.01,0.01,0.01,residential
"46 St (M,R)",-0.01,-0.01,0.02,0.04,-0.03,0.01,0.03,-0.01,-0.03,-0.03,0.05,0.01,residential
46 St-Bliss St (7),0.0,-0.01,0.03,0.02,-0.01,-0.02,0.03,0.0,-0.02,-0.01,0.02,0.0,residential
"47-50 Sts-Rockefeller Ctr (B,D,F,M)",0.05,-0.07,-0.09,-0.18,0.34,-0.04,-0.07,0.02,0.12,0.2,-0.22,-0.04,destination
"49 St (N,R,W)",0.11,-0.06,-0.06,-0.15,0.15,0.04,-0.04,0.0,0.04,0.09,-0.13,0.04,destination
"5 Av/53 St (E,M)",0.02,-0.09,-0.08,-0.18,0.39,-0.05,-0.08,0.03,0.1,0.25,-0.24,-0.05,destination
"5 Av/59 St (N,R,W)",0.05,-0.08,-0.07,-0.17,0.25,0.04,-0.07,0.02,0.11,0.14,-0.21,0.03,destination
50 St (1),0.1,-0.06,-0.06,-0.15,0.17,0.02,-0.04,0.0,0.06,0.11,-0.13,0.02,destination
"50 St (C,E)",0.09,-0.06,-0.03,-0.12,0.09,0.06,-0.02,0.0,0.02,0.06,-0.09,0.05,destination
50 St (D),0.01,-0.04,0.0,-0.05,0.12,-0.02,-0.03,0.02,0.04,0.11,-0.1,-0.02,destination
52 St (7),-0.01,0.0,0.03,0.05,-0.03,-0.02,0.04,-0.02,-0.02,-0.03,0.05,0.0,residential
53 St (R),0.0,0.01,0.0,0.01,0.0,0.0,0.02,0.01,0.0,0.0,-0.01,0.01,residential
55 St (D),0.01,-0.03,0.0,-0.07,0.13,-0.02,-0.04,0.03,0.03,0.13,-0.1,-0.02,destination
57 St (F),0.06,-0.07,-0.05,-0.16,0.24,0.01,-0.05,0.02,0.1,0.13,-0.18,0.01,destination
"57 St-7 Av (N,Q,R,W)",0.09,-0.07,-0.07,-0.14,0.16,0.04,-0.05,0.01,0.07,0.1,-0.15,0.03,destination
"59 St (N,R)",-0.01,0.01,-0.01,0.02,0.01,0.01,0.01,0.01,-0.02,0.02,-0.01,0.0,residential
"59 St-Columbus Circle (A,B,C,D,1)",0.07,-0.07,-0.04,-0.13,0.16,0.03,-0.05,0.01,0.08,0.08,-0.13,0.03,destination
61 St-Woodside (7),0.0,0.02,0.01,0.04,-0.04,-0.02,0.02,-0.01,-0.01,-0.03,0.04,0.0,residential
"63 Dr-Rego Park (M,R)",-0.01,0.0,0.02,0.04,-0.03,0.0,-0.01,-0.02,0.0,-0.02,0.07,0.0,residential
"65 St (M,R)",-0.01,0.03,0.0,0.03,-0.05,0.02,0.04,0.0,-0.04,-0.04,0.05,0.01,residential
66 St-Lincoln Center (1),0.1,-0.08,-0.03,-0.12,0.13,0.01,-0.04,0.0,0.06,0.08,-0.08,0.01,destination
"67 Av (M,R)",-0.02,0.0,0.02,0.08,-0.05,-0.02,0.0,-0.02,-0.03,-0.02,0.1,-0.02,residential
68 St-Hunter College (6),0.04,-0.09,0.02,-0.13,0.24,-0.06,-0.07,0.03,0.13,0.16,-0.17,-0.06,destination
69 St (7),0.0,0.01,0.02,0.03,-0.04,-0.01,0.03,0.0,-0.02,-0.04,0.03,0.01,residential
"7 Av (B,Q)",0.02,-0.07,0.03,0.02,0.05,-0.02,0.01,-0.03,-0.01,0.01,0.03,0.01,residential
"7 Av (E,B,D)",0.06,-0.07,-0.05,-0.15,0.21,0.0,-0.04,0.02,0.07,0.13,-0.16,0.01,destination
"7 Av (F,G)",0.01,-0.07,0.0,0.0,0.06,0.03,-0.01,0.0,-0.01,0.04,-0.02,0.01,residential
71 St (D),-0.02,0.05,0.0,0.09,-0.1,0.01,0.02,-0.03,-0.04,-0.05,0.1,0.02,residential
"72 St (1,2,3)",0.05,-0.07,-0.02,-0.08,0.07,0.07,-0.02,-0.01,0.04,0.03,-0.07,0.06,destination
"72 St (C,B)",0.03,-0.08,-0.02,-0.12,0.13,0.07,-0.04,-0.02,0.09,0.03,-0.1,0.07,destination
72 St (Q),0.03,-0.08,-0.03,-0.07,0.18,-0.01,-0.03,0.06,0.03,0.11,-0.12,-0.02,destination
"74-Broadway (7)/Jackson Hts-Roosevelt Av (E,F,M,R)",0.02,0.01,0.0,-0.02,-0.03,0.04,0.02,0.0,0.0,-0.03,0.0,0.03,residential
"75 Av (E,F)",-0.01,-0.02,0.01,0.07,-0.03,0.0,0.0,-0.03,-0.01,-0.01,0.07,0.0,residential
"75 St-Elderts Ln (J,Z)",-0.02,0.07,0.02,0.05,-0.04,-0.06,0.01,-0.01,-0.02,0.01,0.06,-0.03,residential
77 St (6),0.03,-0.08,-0.01,-0.09,0.18,-0.02,-0.05,0.04,0.07,0.12,-0.14,-0.02,destination
77 St (R),-0.02,0.02,0.0,0.08,-0.05,-0.01,0.01,-0.02,-0.02,-0.03,0.1,-0.01,residential
79 St (1),0.03,-0.08,0.01,-0.07,0.1,0.02,-0.02,-0.01,0.06,0.04,-0.07,0.03,destination
79 St (D),-0.03,0.05,0.02,0.08,-0.1,0.0,0.01,-0.03,-0.03,-0.01,0.09,0.0,residential
8 Av (N),-0.01,-0.04,0.06,-0.04,0.03,0.04,-0.01,-0.03,0.09,0.03,-0.09,0.04,destination
"8 St-NYU (R,W)",0.08,-0.06,-0.06,-0.12,0.1,0.08,-0.04,-0.03,0.07,0.01,-0.08,0.08,destination
80 St (A),-0.02,0.08,0.0,0.09,-0.11,-0.02,0.04,0.0,-0.03,-0.06,0.1,-0.02,residential
"81 St-Museum of Natural History (C,B)",0.01,-0.09,-0.02,-0.13,0.17,0.08,-0.05,-0.02,0.15,0.03,-0.17,0.08,destination
82 St-Jackson Hts (7),0.01,-0.02,0.02,-0.07,0.04,0.04,0.0,-0.02,0.06,-0.01,-0.03,0.03,residential
85 St-Forest Pkwy (J),-0.01,0.09,0.02,0.07,-0.09,-0.06,0.01,-0.01,-0.01,-0.04,0.1,-0.03,residential
86 St (1),0.04,-0.07,0.0,-0.05,0.1,0.0,-0.02,0.0,0.04,0.05,-0.05,0.01,destination
"86 St (4,5,6)",0.03,-0.07,-0.03,-0.08,0.14,0.03,-0.04,0.01,0.06,0.07,-0.11,0.02,destination
"86 St (C,B)",0.01,-0.08,-0.01,-0.07,0.14,0.02,-0.03,-0.01,0.04,0.08,-0.09,0.02,destination
86 St (N),-0.02,0.01,0.03,0.03,-0.05,0.02,-0.01,-0.01,-0.01,0.02,0.02,0.01,residential
86 St (Q),0.02,-0.07,-0.01,0.0,0.04,0.04,0.0,0.0,-0.01,0.0,0.0,0.03,residential
86 St (R),-0.01,0.02,0.01,0.03,-0.04,-0.01,-0.01,0.0,-0.01,-0.01,0.06,-0.01,residential
88 St (A),-0.03,0.12,-0.02,0.11,-0.13,-0.04,0.02,-0.01,-0.04,-0.06,0.14,-0.03,residential
9 Av (D),-0.02,0.02,0.01,0.04,-0.06,0.02,0.03,-0.01,-0.03,-0.02,0.03,0.02,residential
90 St-Elmhurst Av (7),0.0,0.05,0.01,0.0,-0.04,0.01,0.04,-0.01,0.0,-0.04,0.02,0.02,residential
"96 St (1,2,3)",0.02,-0.06,0.01,-0.05,0.05,0.05,0.0,0.0,0.01,0.02,-0.05,0.03,destination
96 St (6),0.01,-0.07,0.01,-0.07,0.17,-0.04,-0.03,0.04,0.04,0.14,-0.12,-0.04,destination
"96 St (C,B)",0.01,-0.08,0.0,-0.07,0.16,0.0,-0.03,0.01,0.04,0.08,-0.08,0.0,destination
96 St (Q),0.01,-0.05,0.01,0.0,0.04,0.02,0.01,0.02,-0.01,0.03,-0.03,0.01,residential
Alabama Av (J),0.02,0.0,0.0,-0.06,0.09,-0.03,-0.03,0.08,0.03,0.06,-0.09,-0.03,destination
"Allerton Av (2,5)",-0.01,0.08,-0.02,0.04,-0.05,-0.03,0.0,0.01,-0.01,-0.01,0.05,-0.01,residential
Aqueduct Racetrack (A),0.06,0.02,-0.07,-0.11,0.04,0.08,-0.04,-0.02,0.13,-0.04,-0.11,0.1,destination
Aqueduct-N Conduit Av (A),-0.01,0.14,-0.06,0.08,-0.08,-0.05,-0.02,0.02,-0.01,-0.04,0.11,-0.04,residential
Astor Pl (6),0.1,-0.05,-0.05,-0.1,0.07,0.05,-0.03,-0.02,0.05,0.01,-0.06,0.06,destination
"Astoria Blvd (N,W)",0.0,-0.02,0.03,0.06,-0.04,-0.01,0.04,-0.01,-0.04,-0.05,0.07,0.01,residential
"Astoria-Ditmars Blvd (N,W)",0.0,-0.01,0.01,0.06,-0.03,0.0,0.03,-0.01,-0.03,-0.04,0.07,0.0,residential
Atlantic Av (L),0.01,0.01,-0.05,0.01,0.07,-0.03,-0.01,0.06,0.0,0.02,-0.03,-0.03,residential
"Atlantic Av-Barclays Ctr (B,D,N,Q,R,2,3,4,5)",0.06,-0.04,-0.04,-0.07,0.07,0.04,-0.04,-0.01,0.02,0.04,-0.03,0.03,destination
Avenue H (Q),-0.01,-0.02,0.04,0.03,-0.01,-0.02,0.01,-0.02,0.02,0.01,0.02,-0.01,residential
Avenue I (F),0.01,-0.04,0.01,-0.02,0.1,-0.04,-0.03,0.02,0.01,0.1,-0.04,-0.03,destination
Avenue J (Q),-0.01,-0.01,0.03,0.02,0.01,-0.01,0.0,0.0,0.0,0.03,0.01,-0.01,residential
Avenue M (Q),-0.01,-0.02,0.05,0.02,0.01,-0.02,-0.01,-0.01,-0.01,0.06,0.01,-0.02,residential
Avenue N (F),-0.01,0.03,-0.02,0.07,-0.02,-0.04,-0.01,-0.01,-0.02,0.02,0.06,-0.03,residential
Avenue P (F),-0.02,0.04,-0.02,0.1,-0.06,-0.03,0.01,-0.01,-0.03,-0.02,0.09,-0.02,residential
Avenue U (F),-0.01,0.03,0.0,0.06,0.0,-0.06,-0.02,0.01,-0.01,0.03,0.05,-0.04,residential
Avenue U (N),-0.02,0.02,0.0,0.06,-0.07,0.02,-0.01,-0.02,-0.02,-0.01,0.06,0.01,residential
Avenue U (Q),-0.01,0.0,0.03,0.05,-0.04,-0.01,0.0,-0.02,0.01,-0.01,0.05,0.0,residential
Avenue X (F),0.0,0.05,0.01,0.06,-0.03,-0.07,-0.01,0.01,0.01,0.02,0.04,-0.04,residential
Bay 50 St (D),-0.02,0.03,0.03,0.05,-0.07,0.0,0.0,-0.01,-0.02,0.02,0.03,0.0,residential
Bay Pkwy (D),-0.02,0.03,0.01,0.05,-0.06,0.02,0.0,-0.02,0.0,-0.02,0.05,0.01,residential
Bay Pkwy (F),-0.01,0.02,0.0,0.04,-0.01,-0.02,-0.01,0.01,-0.02,0.03,0.03,-0.02,residential
Bay Pkwy (N),-0.02,0.03,0.02,0.07,-0.07,0.01,0.0,-0.03,-0.01,-0.03,0.08,0.01,residential
Bay Ridge Av (R),-0.01,0.0,0.03,0.05,-0.04,0.0,0.01,-0.02,-0.01,-0.01,0.05,0.0,residential
Bay Ridge-95 St (R),-0.01,0.02,-0.01,0.07,-0.04,-0.01,0.0,-0.01,-0.02,-0.02,0.08,-0.01,residential
Baychester Av (5),-0.02,0.09,-0.01,0.06,-0.05,-0.05,-0.01,0.02,-0.02,0.01,0.06,-0.04,residential
"Beach 105 St (A,S)",0.0,0.03,-0.1,-0.07,0.08,0.09,-0.05,-0.01,0.08,-0.01,-0.08,0.09,destination
Beach 25 St (A),-0.01,0.14,-0.01,0.03,-0.09,-0.04,0.01,0.02,-0.04,-0.01,0.07,-0.03,residential
Beach 36 St (A),-0.01,0.12,-0.02,0.01,-0.05,-0.03,-0.01,0.05,-0.01,-0.02,0.03,-0.02,residential
Beach 44 St (A),0.0,0.13,-0.05,0.02,-0.06,-0.03,0.01,0.05,-0.02,-0.03,0.03,-0.02,residential
Beach 60 St (A),-0.01,0.14,-0.02,0.01,-0.07,-0.03,0.0,0.03,-0.01,-0.03,0.04,-0.02,residential
Beach 67 St (A),0.0,0.08,-0.03,0.0,-0.05,0.01,-0.01,0.02,0.01,-0.03,0.01,0.02,residential
"Beach 90 St (A,S)",0.0,0.07,-0.08,-0.02,-0.01,0.07,-0.03,-0.02,0.06,-0.04,-0.03,0.07,destination
"Beach 98 St (A,S)",-0.01,0.06,-0.05,-0.03,0.0,0.05,-0.02,0.02,0.04,-0.02,-0.05,0.05,residential
Bedford Av (L),0.07,-0.05,-0.03,-0.06,0.02,0.08,0.01,-0.03,-0.01,-0.03,0.0,0.08,destination
"Bedford Park Blvd (B,D)",-0.01,0.06,-0.01,0.06,-0.05,-0.04,0.01,0.01,-0.02,-0.01,0.05,-0.02,residential
Bedford Park Blvd-Lehman College (4),0.0,0.05,-0.01,-0.03,0.02,-0.01,-0.01,0.04,-0.01,0.03,-0.02,-0.01,residential
Bedford-Nostrand Avs (G),0.0,-0.04,0.02,0.0,-0.01,0.04,0.05,-0.01,-0.05,-0.03,0.03,0.04,residential
"Bergen St (2,3)",0.03,-0.06,0.0,0.0,-0.01,0.05,0.01,-0.02,-0.02,-0.02,0.03,0.05,residential
"Bergen St (F,G)",0.03,-0.07,-0.01,-0.05,0.08,0.05,-0.02,-0.02,0.01,0.03,-0.03,0.04,destination
Beverley Rd (Q),0.0,0.01,0.0,0.05,-0.05,0.01,0.04,-0.02,-0.03,-0.04,0.05,0.02,residential
"Beverly Rd (2,5)",-0.01,0.04,0.01,0.08,-0.08,-0.02,0.03,-0.01,-0.03,-0.05,0.09,-0.01,residential
"Bowery (J,Z)",0.11,-0.03,-0.08,-0.15,0.07,0.09,-0.02,-0.02,0.05,0.0,-0.09,0.1,destination
"Bowling Green (4,5)",0.0,-0.05,-0.03,-0.1,0.23,-0.03,-0.06,0.03,0.07,0.18,-0.16,-0.03,destination
"Briarwood (E,F)",-0.02,0.04,0.02,0.06,-0.08,-0.01,0.02,-0.01,-0.04,-0.03,0.1,-0.01,residential
"Brighton Beach (B,Q)",0.0,-0.01,0.02,0.0,0.0,0.01,-0.02,-0.02,0.05,0.01,-0.01,0.02,residential
"Broad Channel (A,S)",-0.01,0.16,-0.06,0.05,-0.07,-0.04,-0.03,0.03,0.02,-0.04,0.08,-0.04,residential
"Broad St (J,Z)",0.03,-0.07,-0.07,-0.16,0.29,0.0,-0.05,0.03,0.06,0.19,-0.2,-0.01,destination
Broadway (G),0.01,-0.02,-0.02,-0.04,0.06,0.04,-0.01,0.02,-0.02,0.05,-0.06,0.04,destination
"Broadway (N,W)",0.0,-0.03,0.03,0.05,-0.03,0.0,0.04,-0.02,-0.04,-0.04,0.07,0.01,residential
"Broadway Junction (A,C,J,L,Z)",0.01,0.04,-0.03,-0.02,-0.03,0.05,0.01,0.04,-0.01,-0.01,-0.02,0.02,residential
"Broadway-Lafayette St (B,D,F,M)/Bleecker St (6)",0.08,-0.06,-0.07,-0.14,0.15,0.06,-0.05,-0.02,0.11,0.03,-0.11,0.06,destination
"Bronx Park East (2,5)",-0.01,0.07,-0.02,0.07,-0.06,-0.04,0.0,0.01,-0.01,-0.02,0.06,-0.02,residential
Brook Av (6),0.0,0.02,0.02,-0.02,0.01,0.0,0.01,0.03,0.0,0.02,-0.03,-0.01,residential
"Brooklyn Bridge-City Hall (4,5,6)/Chambers St (J,Z)",0.02,-0.08,0.0,-0.13,0.22,-0.02,-0.06,0.02,0.09,0.17,-0.18,-0.02,destination
"Bryant Pk (B,D,F,M)/5 Av (7)",0.07,-0.07,-0.08,-0.17,0.28,-0.02,-0.06,0.01,0.11,0.17,-0.18,-0.02,destination
Buhre Av (6),-0.02,0.09,-0.03,0.12,-0.1,-0.04,0.0,-0.02,-0.02,-0.04,0.13,-0.03,residential
"Burke Av (2,5)",-0.01,0.11,-0.01,0.05,-0.08,-0.04,0.01,0.0,-0.01,-0.03,0.07,-0.02,residential
Burnside Av (4),0.0,0.04,0.0,-0.01,-0.03,0.01,0.01,0.01,0.0,0.0,-0.01,0.0,residential
Bushwick Av-Aberdeen St (L),0.0,0.0,0.0,0.0,-0.01,0.03,0.06,0.0,-0.04,-0.04,0.02,0.03,residential
Canal St (1),0.05,-0.06,-0.05,-0.14,0.23,-0.01,-0.05,-0.02,0.11,0.13,-0.15,0.0,destination
"Canal St (A,C,E)",0.06,-0.07,-0.07,-0.15,0.24,0.01,-0.06,0.01,0.08,0.14,-0.17,0.01,destination
"Canal St (J,N,Q,R,W,Z,6)",0.06,-0.08,-0.05,-0.16,0.17,0.07,-0.06,-0.03,0.13,0.06,-0.15,0.07,destination
Canarsie-Rockaway Pkwy (L),0.01,0.05,0.0,0.03,-0.04,-0.03,0.0,0.02,-0.02,0.0,0.05,-0.03,residential
"Carroll St (F,G)",0.0,-0.07,-0.01,0.0,0.08,0.01,-0.01,0.0,-0.01,0.04,-0.01,0.01,residential
Castle Hill Av (6),-0.01,0.09,-0.01,0.05,-0.07,-0.03,0.0,0.0,-0.01,-0.03,0.07,-0.02,residential
Cathedral Pkwy (110 St) (1),0.03,-0.07,0.0,-0.07,0.1,0.03,0.01,0.0,0.02,0.02,-0.07,0.03,destination
"Cathedral Pkwy (110 St) (C,B)",0.0,-0.06,0.01,-0.02,0.04,0.04,0.03,-0.01,-0.01,0.0,-0.02,0.04,residential
Central Av (M),0.0,-0.01,0.03,0.03,-0.03,0.01,0.06,0.0,-0.06,-0.05,0.05,0.03,residential
"Central Park North (110 St) (2,3)",0.0,-0.04,0.0,-0.01,0.03,0.04,0.02,0.01,-0.01,0.02,-0.04,0.03,residential
"Chambers St (1,2,3)",0.04,-0.08,-0.04,-0.12,0.25,-0.03,-0.06,0.02,0.06,0.2,-0.17,-0.04,destination
"Chambers St (A,C)/WTC (E)/Park Pl (2,3)/Cortlandt (R,W)",0.02,-0.07,-0.04,-0.12,0.24,-0.02,-0.05,0.01,0.07,0.16,-0.15,-0.02,destination
"Chauncey St (J,Z)",0.01,-0.01,0.02,0.01,-0.03,0.02,0.04,-0.01,-0.03,-0.02,0.02,0.02,residential
Christopher St-Sheridan Sq (1),0.12,-0.03,-0.05,-0.11,0.04,0.06,-0.02,-0.03,0.03,-0.01,-0.04,0.08,destination
"Church Av (2,5)",-0.01,0.03,0.02,0.03,-0.05,-0.01,0.02,-0.01,-0.02,-0.03,0.06,0.0,residential
"Church Av (B,Q)",-0.01,0.0,0.03,0.06,-0.04,-0.02,0.03,-0.02,-0.02,-0.03,0.05,0.0,residential
"Church Av (F,G)",-0.01,0.0,0.0,0.04,-0.04,0.03,0.02,0.0,-0.02,-0.02,0.02,0.01,residential
"City Hall (R,W)",0.03,-0.08,0.0,-0.14,0.25,-0.03,-0.06,0.01,0.11,0.16,-0.17,-0.03,destination
"Clark St (2,3)",0.04,-0.08,-0.01,-0.05,0.03,0.08,0.0,-0.03,0.01,0.0,-0.03,0.07,destination
Classon Av (G),0.0,-0.05,0.02,0.01,0.02,0.03,0.03,-0.01,-0.04,-0.01,0.02,0.03,residential
Cleveland St (J),-0.01,0.05,0.0,0.06,-0.07,-0.02,0.01,-0.01,0.01,-0.02,0.05,-0.01,residential
Clinton-Washington Avs (C),0.0,-0.06,0.02,0.0,0.02,0.03,0.02,-0.02,-0.04,0.01,0.01,0.03,residential
Clinton-Washington Avs (G),0.01,-0.07,0.0,-0.02,0.07,0.03,0.0,-0.01,-0.01,0.03,-0.01,0.02,residential
"Coney Island-Stillwell Av (D,F,N,Q)",0.03,0.01,-0.03,-0.06,0.0,0.07,-0.03,0.01,0.06,-0.01,-0.08,0.06,destination
Cortelyou Rd (Q),-0.01,0.0,0.02,0.06,-0.06,0.01,0.04,-0.02,-0.03,-0.04,0.06,0.01,residential
"Court Sq (E,G,M,7)",0.02,-0.06,-0.01,-0.07,0.12,0.02,-0.01,0.03,-0.01,0.07,-0.06,0.01,destination
"Court St (R)/Borough Hall (2,3,4,5)",0.02,-0.08,0.03,-0.08,0.17,-0.04,-0.05,0.01,0.08,0.13,-0.12,-0.03,destination
"Crescent St (J,Z)",-0.01,0.06,0.01,0.04,-0.07,0.0,0.01,0.0,0.0,-0.04,0.05,0.0,residential
"Crown Hts-Utica Av (3,4)",-0.01,0.03,0.01,0.05,-0.06,0.0,0.01,-0.01,-0.02,-0.02,0.06,-0.01,residential
Cypress Av (6),0.0,0.0,-0.02,-0.03,0.12,-0.05,-0.01,0.11,-0.01,0.04,-0.09,-0.03,residential
Cypress Hills (J),-0.02,0.09,0.0,0.07,-0.04,-0.08,-0.01,0.0,-0.01,0.01,0.07,-0.04,residential
"DeKalb Av (B,Q,R)",0.03,-0.06,0.01,-0.07,0.11,0.0,-0.02,0.0,0.01,0.08,-0.07,0.01,destination
DeKalb Av (L),0.0,0.0,0.01,0.02,-0.03,0.02,0.05,-0.01,-0.05,-0.04,0.04,0.02,residential
"Delancey St (F)/Essex St (J,M,Z)",0.08,-0.03,-0.05,-0.09,0.05,0.05,-0.01,-0.02,0.01,0.02,-0.05,0.07,destination
Ditmas Av (F),-0.01,0.01,0.01,0.04,0.02,-0.04,0.0,0.01,-0.01,0.02,0.02,-0.03,residential
Dyckman St (1),0.0,0.01,0.02,0.01,-0.02,0.0,0.01,-0.01,0.01,-0.01,0.01,0.01,residential
Dyckman St (A),-0.01,0.0,0.01,0.01,-0.02,0.04,0.03,0.0,-0.02,-0.04,0.01,0.03,residential
E 143 St-St Mary's St (6),-0.01,-0.04,-0.01,-0.06,0.2,-0.06,-0.04,0.16,-0.04,0.14,-0.14,-0.06,destination
E 149 St (6),-0.01,0.05,0.0,0.02,-0.03,0.0,0.02,0.01,-0.01,0.0,0.01,-0.01,residential
"E 180 St (2,5)",-0.01,0.1,-0.03,0.03,-0.06,0.0,0.0,0.01,-0.02,-0.02,0.04,-0.01,residential
East 105 St (L),0.01,0.05,-0.02,0.06,-0.03,-0.05,0.0,0.04,-0.03,0.01,0.04,-0.04,residential
East Broadway (F),0.05,-0.06,-0.01,-0.08,0.07,0.05,-0.02,-0.01,0.04,0.04,-0.08,0.05,destination
Eastchester-Dyre Av (5),-0.02,0.13,-0.05,0.08,-0.06,-0.06,-0.02,0.03,-0.02,-0.02,0.1,-0.05,residential
"Eastern Pkwy-Brooklyn Museum (2,3)",0.0,-0.07,-0.01,-0.04,0.03,0.11,-0.01,-0.04,0.02,-0.01,-0.05,0.1,destination
Elder Av (6),-0.01,0.13,-0.02,0.01,-0.07,-0.01,0.03,0.01,-0.03,-0.02,0.04,0.0,residential
"Elmhurst Av (M,R)",-0.02,0.02,0.04,0.04,-0.07,0.01,0.05,-0.02,-0.03,-0.05,0.04,0.02,residential
"Euclid Av (A,C)",-0.01,0.05,-0.01,0.05,-0.07,0.01,0.02,0.01,-0.02,-0.02,0.03,-0.01,residential
Far Rockaway-Mott Av (A),0.01,0.1,-0.04,-0.04,0.02,-0.02,-0.01,0.09,-0.01,0.01,-0.03,-0.02,residential
"Flatbush Av-Brooklyn College (2,5)",0.0,0.03,0.02,0.05,-0.04,-0.04,0.0,0.0,0.0,-0.01,0.06,-0.03,residential
Flushing Av (G),0.01,-0.04,-0.01,-0.08,0.17,-0.02,-0.03,0.09,-0.01,0.12,-0.13,-0.03,destination
"Flushing Av (M,J)",0.02,-0.04,0.03,-0.08,0.1,0.01,-0.02,0.03,0.04,0.08,-0.1,0.0,destination
Flushing-Main St (7),0.02,0.01,-0.01,-0.02,-0.02,0.03,0.0,0.0,0.0,-0.01,0.0,0.03,residential
Fordham Rd (4),0.0,0.04,0.0,-0.02,-0.03,0.03,0.01,0.01,0.0,0.0,-0.01,0.02,residential
"Fordham Rd (B,D)",0.0,0.04,0.0,0.01,0.0,-0.04,0.0,0.02,0.0,0.01,0.01,-0.02,residential
Forest Av (M),-0.02,0.05,0.01,0.07,-0.08,-0.01,0.04,-0.02,-0.04,-0.06,0.1,0.0,residential
"Forest Hills-71 Av (E,F,M,R)",0.01,-0.01,0.01,0.03,-0.01,0.0,-0.02,-0.02,0.01,-0.01,0.06,0.0,residential
Fort Hamilton Pkwy (D),-0.01,-0.02,0.01,0.0,0.05,-0.01,0.0,0.02,0.0,0.07,-0.05,-0.01,residential
"Fort Hamilton Pkwy (F,G)",-0.02,-0.04,0.01,0.08,-0.02,0.02,0.01,-0.02,-0.03,-0.02,0.08,0.01,residential
Fort Hamilton Pkwy (N),-0.02,0.01,0.03,0.07,-0.06,0.0,0.02,-0.02,-0.01,-0.02,0.05,0.01,residential
"Franklin Av (2,3,4,5)/Botanic Garden (S)",0.0,-0.04,0.01,0.0,0.0,0.04,0.03,-0.01,-0.03,-0.01,0.01,0.04,residential
"Franklin Av (C,S)",0.02,-0.05,0.01,-0.05,0.04,0.05,0.02,0.0,-0.02,0.0,-0.02,0.04,residential
Franklin St (1),0.05,-0.07,-0.02,-0.12,0.2,-0.02,-0.06,-0.02,0.1,0.14,-0.14,-0.01,destination
"Freeman St (2,5)",-0.01,0.06,0.01,0.01,-0.03,-0.03,0.02,0.02,0.0,0.0,0.01,-0.02,residential
Fresh Pond Rd (M),-0.02,0.05,0.0,0.09,-0.08,-0.02,0.02,-0.01,-0.03,-0.05,0.11,-0.01,residential
"Fulton St (A,C,J,Z,2,3,4,5)",0.03,-0.06,-0.05,-0.1,0.19,0.0,-0.04,0.01,0.06,0.14,-0.13,-0.01,destination
Fulton St (G),0.04,-0.06,-0.03,-0.1,0.12,0.05,-0.04,0.02,0.01,0.11,-0.11,0.03,destination
"Gates Av (J,Z)",0.0,-0.02,0.04,0.01,-0.02,0.02,0.05,0.0,-0.05,-0.03,0.03,0.02,residential
Graham Av (L),0.03,-0.05,0.02,-0.01,0.01,0.02,0.03,-0.01,-0.04,-0.02,0.03,0.03,residential
"Grand Army Plaza (2,3)",0.01,-0.07,0.0,-0.01,0.03,0.06,-0.01,-0.02,0.0,0.01,0.0,0.04,residential
"Grand Av-Newtown (M,R)",-0.02,0.03,0.02,0.06,-0.07,-0.01,0.03,-0.02,-0.03,-0.04,0.07,0.01,residential
"Grand Central-42 St (S,4,5,6,7)",0.03,-0.06,-0.03,-0.07,0.16,-0.01,-0.05,0.0,0.05,0.13,-0.09,-0.02,destination
"Grand St (B,D)",0.05,-0.07,-0.02,-0.13,0.13,0.06,-0.05,-0.02,0.1,0.07,-0.14,0.06,destination
Grand St (L),0.03,-0.02,-0.01,-0.05,0.06,0.01,0.01,0.04,-0.02,0.03,-0.04,0.01,residential
Grant Av (A),-0.01,0.05,0.01,0.08,-0.08,-0.02,0.03,0.01,-0.02,-0.04,0.07,-0.02,residential
Greenpoint Av (G),0.03,-0.06,-0.01,-0.04,0.07,0.04,-0.01,0.02,0.0,0.0,-0.03,0.04,destination
"Gun Hill Rd (2,5)",0.0,0.05,0.01,-0.01,-0.02,-0.02,0.0,0.02,0.01,0.02,0.0,-0.02,residential
Gun Hill Rd (5),-0.02,0.11,0.0,0.07,-0.08,-0.05,0.0,0.0,-0.02,-0.02,0.1,-0.04,residential
Halsey St (J),-0.01,0.0,0.03,0.02,-0.04,0.02,0.06,0.0,-0.05,-0.04,0.04,0.02,residential
Halsey St (L),0.01,0.01,0.0,0.02,-0.03,0.02,0.05,0.0,-0.05,-0.04,0.04,0.02,residential
Harlem-148 St (3),-0.01,0.01,0.03,0.05,-0.05,-0.01,0.02,0.0,-0.02,-0.02,0.03,0.0,residential
"Hewes St (M,J)",0.02,-0.04,0.0,-0.05,0.02,0.07,0.02,-0.01,-0.02,0.01,-0.04,0.06,residential
"High St (A,C)",0.05,-0.08,-0.03,-0.09,0.11,0.06,-0.04,-0.02,0.07,0.03,-0.09,0.06,destination
Houston St (1),0.06,-0.07,-0.04,-0.14,0.24,-0.03,-0.05,0.02,0.1,0.15,-0.17,-0.02,destination
Howard Beach-JFK Airport (A),0.06,0.02,-0.04,-0.08,0.01,0.05,-0.02,0.05,0.04,-0.04,-0.06,0.05,destination
"Hoyt St (2,3)",0.04,-0.08,-0.01,-0.12,0.15,0.04,-0.04,-0.01,0.06,0.08,-0.11,0.04,destination
"Hoyt-Schermerhorn Sts (A,C,G)",0.04,-0.07,-0.02,-0.11,0.12,0.05,-0.02,0.0,0.04,0.04,-0.09,0.05,destination
Hunters Point Av (7),0.0,-0.03,-0.06,-0.04,0.26,-0.1,-0.04,0.14,-0.01,0.18,-0.15,-0.09,destination
Hunts Point Av (6),0.0,0.05,-0.02,0.01,-0.01,-0.02,0.0,0.03,-0.01,0.02,0.0,-0.02,residential
"Intervale Av (2,5)",0.0,0.05,0.02,-0.03,0.01,-0.03,0.0,0.03,0.0,0.04,-0.04,-0.02,residential
Inwood-207 St (A),-0.01,0.01,0.0,0.02,-0.04,0.03,0.02,0.01,-0.02,-0.03,0.02,0.02,residential
"Jackson Av (2,5)",-0.01,0.03,0.02,0.01,0.01,-0.04,0.0,0.02,0.0,0.04,-0.01,-0.03,residential
"Jamaica Center-Parsons/Archer (E,J,Z)",0.0,0.09,-0.02,0.02,-0.02,-0.05,-0.01,0.02,0.0,0.0,0.05,-0.04,residential
Jamaica-179 St (F),-0.02,0.12,-0.03,0.08,-0.09,-0.04,0.0,0.0,-0.04,-0.04,0.13,-0.03,residential
Jamaica-Van Wyck (E),-0.01,0.05,-0.02,0.0,0.02,-0.02,-0.01,0.04,-0.01,0.03,0.0,-0.03,residential
"Jay St-MetroTech (A,C,F,R)",0.03,-0.07,0.01,-0.12,0.19,-0.02,-0.04,0.01,0.08,0.14,-0.15,-0.02,destination
Jefferson St (L),0.06,0.02,-0.04,-0.06,-0.01,0.05,0.04,0.0,-0.03,-0.03,-0.01,0.07,residential
Junction Blvd (7),-0.01,0.07,-0.03,0.02,-0.06,0.03,0.03,0.0,-0.03,-0.05,0.04,0.02,residential
Junius St (3),0.01,0.01,0.0,0.0,0.01,-0.01,-0.01,0.02,0.02,0.03,-0.02,-0.01,residential
"Kew Gardens-Union Tpke (E,F)",-0.01,0.03,0.01,0.04,-0.02,-0.02,-0.01,0.0,0.0,0.01,0.05,-0.02,residential
"Kings Hwy (B,Q)",-0.01,0.0,0.03,0.04,-0.02,-0.02,-0.01,-0.02,0.0,0.01,0.06,-0.02,residential
Kings Hwy (F),-0.01,0.02,0.0,0.05,-0.03,-0.01,-0.01,0.0,0.0,0.01,0.04,-0.01,residential
Kings Hwy (N),-0.02,0.03,0.01,0.08,-0.09,0.0,0.0,-0.03,-0.03,-0.02,0.08,0.01,residential
Kingsbridge Rd (4),-0.01,0.06,-0.01,0.01,-0.03,0.0,0.01,0.01,-0.01,0.01,0.0,0.0,residential
"Kingsbridge Rd (B,D)",-0.01,0.06,-0.01,0.09,-0.06,-0.05,0.02,0.0,-0.02,-0.02,0.06,-0.03,residential
Kingston Av (3),-0.01,-0.02,0.05,-0.01,0.0,0.0,0.01,-0.01,-0.01,0.01,0.01,0.01,residential
Kingston-Throop Avs (C),0.0,-0.03,0.04,-0.01,0.0,0.03,0.04,-0.01,-0.04,-0.02,0.01,0.03,residential
Knickerbocker Av (M),-0.01,-0.02,0.02,0.02,-0.02,0.02,0.03,-0.01,-0.02,-0.02,0.02,0.02,residential
Kosciuszko St (J),0.0,-0.01,0.04,0.01,-0.04,0.03,0.05,0.0,-0.06,-0.03,0.03,0.02,residential
Lafayette Av (C),0.06,-0.06,-0.02,-0.09,0.05,0.07,-0.01,-0.01,0.01,0.02,-0.04,0.06,destination
"Lexington Av (N,R,W)/59 St (4,5,6)",0.05,-0.07,-0.04,-0.14,0.22,0.0,-0.06,0.02,0.09,0.14,-0.17,0.0,destination
"Lexington Av-53 St (E,M)/51 St (6)",0.04,-0.07,-0.04,-0.14,0.26,-0.03,-0.05,0.02,0.07,0.18,-0.18,-0.03,destination
"Lexington Av/63 St (F,Q)",0.04,-0.07,-0.03,-0.11,0.17,0.01,-0.04,0.03,0.06,0.1,-0.13,0.0,destination
Liberty Av (C),-0.01,0.03,0.02,-0.01,0.01,-0.02,-0.01,0.03,0.02,0.02,-0.03,-0.02,residential
Livonia Av (L),0.01,0.03,-0.02,0.01,0.01,-0.02,-0.01,0.02,0.01,0.01,0.01,-0.02,residential
Longwood Av (6),0.0,0.03,0.0,-0.01,0.03,-0.02,0.0,0.07,-0.01,0.04,-0.05,-0.02,residential
Lorimer St (L)/Metropolitan Av (G),0.06,-0.03,-0.04,-0.05,0.0,0.08,0.03,-0.02,-0.04,-0.03,0.0,0.08,residential
"Lorimer St (M,J)",0.02,-0.04,0.0,-0.04,0.04,0.04,0.0,0.01,-0.02,0.03,-0.03,0.03,residential
Marble Hill-225 St (1),0.0,0.01,0.0,0.03,-0.01,-0.01,0.0,-0.01,0.0,0.0,0.03,0.0,residential
"Marcy Av (M,J,Z)",0.04,-0.05,-0.01,-0.05,0.06,0.04,-0.01,0.01,0.0,0.02,-0.04,0.04,destination
Mets-Willets Point (7),0.21,-0.04,-0.15,-0.14,-0.03,0.17,-0.06,0.0,-0.03,-0.03,-0.01,0.15,destination
Middle Village-Metropolitan Av (M),-0.01,0.04,-0.01,0.05,0.0,-0.04,-0.02,0.03,0.0,0.0,0.05,-0.03,residential
Middletown Rd (6),-0.01,0.11,-0.04,0.1,-0.08,-0.06,-0.01,0.0,-0.02,-0.01,0.11,-0.05,residential
Montrose Av (L),0.03,-0.03,0.0,-0.03,0.0,0.05,0.04,0.0,-0.05,-0.02,-0.01,0.05,residential
Morgan Av (L),0.05,-0.04,-0.01,-0.07,0.03,0.06,0.03,0.01,-0.01,-0.03,-0.03,0.06,residential
Morris Park (5),-0.04,0.08,0.0,0.12,-0.1,-0.05,0.02,-0.01,-0.04,-0.04,0.14,-0.04,residential
Morrison Av-Soundview (6),-0.01,0.13,-0.02,0.03,-0.09,-0.02,0.02,-0.01,-0.02,-0.03,0.07,-0.01,residential
Mosholu Pkwy (4),-0.01,0.05,-0.01,-0.02,0.02,-0.01,0.0,0.03,-0.01,0.04,-0.03,-0.01,residential
Mt Eden Av (4),-0.01,0.06,-0.02,0.01,-0.01,-0.01,0.0,0.03,-0.01,0.01,-0.01,-0.01,residential
"Myrtle Av (M,J,Z)",0.01,-0.02,0.01,0.0,0.0,0.02,0.05,0.01,-0.05,-0.02,0.01,0.03,residential
Myrtle-Willoughby Avs (G),-0.01,-0.03,0.03,0.01,0.0,0.01,0.04,0.01,-0.04,-0.01,0.01,0.02,residential
"Myrtle-Wyckoff Avs (L,M)",0.0,0.01,0.0,0.01,-0.03,0.03,0.03,-0.01,-0.03,-0.03,0.04,0.02,residential
Nassau Av (G),0.05,-0.05,-0.05,-0.05,0.05,0.07,-0.01,0.0,0.0,0.0,-0.03,0.07,destination
Neck Rd (Q),-0.02,0.03,0.0,0.1,-0.08,-0.02,0.0,-0.03,-0.01,-0.03,0.11,-0.02,residential
Neptune Av (F),-0.01,0.01,0.03,0.01,0.05,-0.08,-0.03,0.05,0.0,0.06,-0.01,-0.06,residential
"Nereid Av (2,5)",0.0,0.12,-0.05,0.04,-0.04,-0.05,-0.02,0.01,0.0,0.0,0.06,-0.03,residential
"Nevins St (2,3,4,5)",0.04,-0.06,0.0,-0.07,0.11,0.0,-0.03,0.03,0.03,0.05,-0.07,0.01,destination
New Lots Av (3),0.0,0.1,-0.02,0.04,-0.06,-0.04,0.0,0.02,0.0,-0.01,0.04,-0.02,residential
New Lots Av (L),0.0,0.08,-0.01,0.02,-0.04,-0.04,0.01,0.03,-0.02,-0.01,0.04,-0.03,residential
New Utrecht Av (N)/62 St (D),-0.02,0.02,0.01,0.0,0.0,0.01,-0.01,0.01,0.0,0.03,-0.01,0.0,residential
"Newkirk Av-Little Haiti (2,5)",-0.01,0.06,0.0,0.07,-0.08,-0.03,0.02,-0.01,-0.02,-0.03,0.08,-0.02,residential
"Newkirk Plaza (B,Q)",-0.02,0.0,0.03,0.06,-0.04,-0.02,0.03,-0.02,-0.01,-0.03,0.06,0.0,residential
"Northern Blvd (M,R)",-0.01,0.03,0.01,0.04,-0.03,-0.02,0.01,0.01,-0.02,-0.02,0.04,-0.01,residential
"Norwood Av (J,Z)",-0.01,0.06,0.01,0.04,-0.06,-0.03,0.01,0.0,0.01,-0.02,0.05,-0.02,residential
Norwood-205 St (D),-0.01,0.07,0.0,0.06,-0.05,-0.05,0.01,0.01,-0.02,-0.02,0.06,-0.03,residential
Nostrand Av (3),0.01,-0.02,0.01,-0.02,0.02,0.02,0.02,0.0,-0.01,0.0,0.0,0.02,residential
"Nostrand Av (A,C)",0.01,-0.04,0.02,-0.01,0.01,0.03,0.03,0.0,-0.03,-0.02,0.01,0.03,residential
Ocean Pkwy (Q),0.0,-0.02,0.01,-0.01,0.02,0.01,-0.03,-0.02,0.05,0.03,-0.01,0.01,residential
Ozone Park-Lefferts Blvd (A),-0.01,0.16,-0.05,0.06,-0.1,-0.04,-0.01,-0.01,-0.03,-0.04,0.14,-0.03,residential
Park Pl (S),0.01,-0.05,0.0,0.0,0.04,0.02,0.01,0.01,-0.02,0.01,-0.01,0.01,residential
Parkchester (6),-0.02,0.08,0.0,0.06,-0.09,-0.01,0.02,0.0,-0.03,-0.04,0.07,-0.01,residential
Parkside Av (Q),0.0,-0.01,0.01,0.01,-0.03,0.04,0.04,-0.02,-0.04,-0.03,0.03,0.04,residential
Parsons Blvd (F),-0.01,0.06,0.02,0.0,-0.05,0.01,0.01,0.01,-0.03,0.0,0.02,0.0,residential
Pelham Bay Park (6),0.01,0.07,-0.05,0.06,-0.05,-0.02,-0.03,0.01,0.01,-0.01,0.05,-0.01,residential
"Pelham Pkwy (2,5)",0.0,0.04,-0.01,0.01,0.0,-0.02,-0.01,0.0,0.01,0.01,0.02,-0.01,residential
Pelham Pkwy (5),-0.03,0.07,-0.01,0.09,-0.03,-0.07,-0.01,0.0,-0.02,0.02,0.1,-0.06,residential
Pennsylvania Av (3),0.0,0.05,0.01,0.01,-0.02,-0.03,-0.01,0.01,0.01,0.02,0.01,-0.02,residential
"President St-Medgar Evers College (2,5)",-0.01,-0.04,0.05,0.04,0.0,-0.03,0.02,-0.01,-0.02,0.02,0.02,-0.01,residential
"Prince St (R,W)",0.04,-0.08,-0.07,-0.17,0.16,0.13,-0.06,-0.03,0.13,0.01,-0.14,0.12,destination
"Prospect Av (2,5)",-0.01,0.03,0.03,-0.01,0.02,-0.04,0.0,0.02,0.0,0.04,-0.02,-0.03,residential
Prospect Av (R),0.0,-0.04,0.0,0.03,0.04,0.0,0.0,0.01,-0.03,0.03,0.01,0.0,residential
"Prospect Park (B,Q,S)",0.0,-0.03,0.01,0.0,-0.02,0.06,0.03,-0.02,-0.02,-0.03,0.01,0.06,residential
"Queens Plaza (E,M,R)",0.0,-0.06,0.0,-0.07,0.09,0.05,0.0,0.04,-0.02,0.07,-0.09,0.02,destination
"Queensboro Plaza (7,N,W)",0.02,-0.05,0.02,-0.06,0.09,0.0,0.01,0.03,-0.02,0.06,-0.07,0.01,residential
Ralph Av (C),0.0,0.0,0.02,0.02,-0.05,0.02,0.04,0.0,-0.03,-0.03,0.03,0.02,residential
Rector St (1),0.01,-0.07,0.01,-0.07,0.13,0.02,-0.01,-0.01,0.04,0.08,-0.09,0.02,destination
"Rector St (R,W)",0.01,-0.08,0.01,-0.1,0.18,-0.01,-0.03,0.0,0.07,0.11,-0.12,-0.01,destination
Rockaway Av (3),0.0,0.04,0.01,0.03,-0.03,-0.03,0.0,0.01,0.01,0.0,0.01,-0.02,residential
Rockaway Av (C),0.0,0.01,0.02,0.03,-0.04,0.0,0.03,0.0,-0.03,-0.03,0.04,0.01,residential
Rockaway Blvd (A),-0.01,0.08,-0.03,0.05,-0.06,-0.02,0.0,0.01,-0.02,-0.02,0.07,-0.02,residential
"Rockaway Park-Beach 116 St (A,S)",0.02,0.07,-0.05,-0.05,0.0,0.03,-0.02,0.05,0.04,-0.01,-0.05,0.02,destination
Roosevelt Island (F),0.01,-0.06,0.03,-0.01,0.01,0.04,0.02,-0.01,0.0,-0.03,-0.01,0.05,residential
Saratoga Av (3),-0.01,0.09,-0.01,0.05,-0.07,-0.04,0.01,-0.01,-0.02,-0.02,0.08,-0.03,residential
Seneca Av (M),-0.01,0.04,0.01,0.04,-0.07,0.01,0.04,-0.02,-0.03,-0.06,0.08,0.01,residential
"Sheepshead Bay (B,Q)",-0.01,0.01,0.0,0.06,-0.02,-0.04,-0.02,-0.02,0.01,0.0,0.07,-0.02,residential
Shepherd Av (C),-0.01,0.09,-0.01,0.05,-0.09,-0.02,0.01,0.0,-0.01,-0.02,0.06,-0.01,residential
"Simpson St (2,5)",0.0,0.04,0.03,-0.03,0.02,-0.02,0.0,0.03,0.01,0.02,-0.03,-0.02,residential
"Smith-9 Sts (F,G)",0.03,-0.05,-0.03,-0.07,0.13,0.02,-0.03,0.06,0.02,0.06,-0.1,0.01,destination
"South Ferry (1)/Whitehall St (R,W)",0.01,-0.05,-0.03,-0.08,0.16,0.01,-0.05,0.0,0.08,0.1,-0.12,0.01,destination
Spring St (6),0.07,-0.07,-0.06,-0.14,0.12,0.1,-0.05,-0.03,0.09,0.01,-0.1,0.09,destination
"Spring St (C,E)",0.06,-0.08,-0.05,-0.14,0.23,0.01,-0.06,0.0,0.12,0.09,-0.14,0.01,destination
St Lawrence Av (6),-0.01,0.1,0.0,0.03,-0.1,-0.01,0.04,0.01,-0.03,-0.04,0.05,0.0,residential
"Steinway St (M,R)",0.03,-0.03,-0.02,-0.02,0.02,0.05,0.01,0.0,-0.01,-0.01,0.0,0.03,residential
"Sterling St (2,5)",-0.01,-0.02,0.05,0.04,-0.03,0.0,0.03,-0.01,-0.03,-0.03,0.05,0.01,residential
Sutphin Blvd (F),-0.01,0.07,0.01,0.0,-0.06,0.0,0.01,0.0,0.0,-0.01,0.02,0.0,residential
"Sutphin Blvd-Archer Av-JFK Airport (E,J,Z)",0.02,0.03,-0.01,-0.03,0.01,0.0,-0.01,0.03,0.02,-0.01,-0.01,0.01,residential
Sutter Av (L),0.01,0.05,-0.01,0.01,0.0,-0.04,0.0,0.03,0.0,0.01,0.0,-0.02,residential
Sutter Av-Rutland Rd (3),0.0,0.07,0.01,0.04,-0.06,-0.04,0.01,0.0,0.0,-0.01,0.05,-0.02,residential
"Times Sq-42 St (N,Q,R,W,S,1,2,3,7)/42 St (A,C,E)",0.08,-0.02,-0.05,-0.07,0.05,0.03,-0.03,-0.01,0.04,0.04,-0.04,0.03,destination
"Tremont Av (B,D)",-0.01,0.07,-0.02,0.08,-0.05,-0.05,0.01,0.01,-0.02,-0.01,0.06,-0.03,residential
Union St (R),0.04,-0.06,-0.03,-0.03,0.07,0.03,-0.01,0.03,-0.01,0.01,-0.03,0.03,destination
"Utica Av (A,C)",0.0,-0.01,0.02,0.01,-0.03,0.02,0.03,0.0,-0.04,-0.02,0.03,0.02,residential
Van Cortlandt Park-242 St (1),-0.01,0.06,-0.02,0.06,-0.04,-0.03,-0.01,0.0,-0.02,-0.02,0.08,-0.02,residential
Van Siclen Av (3),0.0,0.08,0.0,0.06,-0.08,-0.03,0.01,0.0,-0.02,-0.02,0.07,-0.02,residential
Van Siclen Av (C),-0.01,0.07,-0.01,0.05,-0.07,0.0,0.01,0.0,-0.01,-0.02,0.05,0.0,residential
"Van Siclen Av (J,Z)",-0.01,0.06,0.0,0.04,-0.04,-0.02,0.01,0.02,-0.01,-0.03,0.04,-0.01,residential
Vernon Blvd-Jackson Av (7),0.02,-0.06,0.02,0.02,0.02,0.0,0.01,0.01,-0.03,-0.01,0.03,0.01,residential
"W 4 St-Wash Sq (A,C,E,B,D,F,M)",0.13,-0.03,-0.09,-0.13,0.08,0.06,-0.03,-0.01,0.04,0.02,-0.07,0.07,destination
"W 8 St-NY Aquarium (F,Q)",0.01,-0.04,-0.01,-0.06,0.06,0.05,-0.05,-0.02,0.12,0.01,-0.09,0.05,destination
WTC Cortlandt (1),0.0,-0.07,-0.02,-0.08,0.17,0.02,-0.04,-0.02,0.07,0.1,-0.11,0.02,destination
Wakefield-241 St (2),0.01,0.12,-0.04,0.0,-0.04,-0.03,0.0,0.05,-0.01,0.0,0.0,-0.02,residential
"Wall St (2,3)",0.03,-0.08,-0.07,-0.11,0.27,-0.02,-0.04,0.0,0.05,0.19,-0.16,-0.02,destination
"Wall St (4,5)",0.02,-0.07,-0.03,-0.1,0.22,-0.02,-0.04,0.01,0.07,0.16,-0.15,-0.03,destination
"West Farms Sq-E Tremont Av (2,5)",0.0,0.04,0.01,-0.03,0.01,0.0,0.0,0.02,0.03,0.02,-0.04,-0.01,residential
Westchester Sq-E Tremont Av (6),0.0,0.04,0.01,-0.05,0.06,-0.04,-0.03,0.04,0.03,0.07,-0.05,-0.03,residential
Whitlock Av (6),-0.01,0.08,-0.04,0.07,-0.05,-0.03,0.0,0.01,-0.01,0.0,0.04,-0.01,residential
Wilson Av (L),0.0,0.0,0.01,0.02,-0.04,0.03,0.06,0.0,-0.05,-0.04,0.03,0.03,residential
"Winthrop St (2,5)",-0.01,-0.03,0.02,0.0,0.07,-0.03,0.01,0.01,-0.02,0.06,-0.03,-0.02,residential
"Woodhaven Blvd (J,Z)",0.01,0.03,0.02,0.02,0.0,-0.06,0.0,0.02,0.01,-0.01,0.03,-0.03,residential
"Woodhaven Blvd (M,R)",0.0,0.02,0.0,0.02,-0.02,0.0,0.0,-0.01,0.01,-0.03,0.04,0.01,residential
Woodlawn (4),0.0,0.1,-0.05,0.02,-0.04,-0.01,-0.02,0.03,0.0,-0.02,0.03,-0.01,residential
York St (F),0.05,-0.08,-0.05,-0.11,0.13,0.07,-0.04,-0.01,0.07,0.04,-0.11,0.07,destination
Zerega Av (6),-0.02,0.07,-0.01,0.05,-0.04,-0.04,0.0,0.02,-0.01,0.0,0.04,-0.03,residential
